state,county,approvedBetween10001And25000,approvedBetween25001AndMax
FL,Brevard (County),1,1
FL,Brevard (County),1,3
FL,Brevard (County),7,23
FL,Brevard (County),19,32
FL,Brevard (County),12,26
FL,Brevard (County),0,0
FL,Brevard (County),0,0
FL,Brevard (County),2,1
FL,Brevard (County),0,0
FL,Brevard (County),0,0
FL,Brevard (County),1,0
FL,Brevard (County),0,1
FL,Brevard (County),0,0
FL,Brevard (County),0,0
FL,Brevard (County),0,0
FL,Brevard (County),0,4
FL,Brevard (County),0,0
FL,Brevard (County),1,1
FL,Brevard (County),0,0
FL,Brevard (County),3,1
FL,Brevard (County),2,13
FL,Brevard (County),3,2
FL,Brevard (County),0,0
FL,Brevard (County),0,0
FL,Brevard (County),4,10
FL,Brevard (County),5,23
FL,Brevard (County),0,0
FL,Brevard (County),0,0
FL,Brevard (County),2,0
FL,Brevard (County),1,4
FL,Brevard (County),0,0
FL,Brevard (County),0,0
FL,Brevard (County),0,0
FL,Brevard (County),5,6
FL,Brevard (County),12,11
FL,Brevard (County),0,0
FL,Brevard (County),3,4
FL,Brevard (County),30,40
FL,Brevard (County),0,0
FL,Brevard (County),0,0
FL,Brevard (County),0,0
FL,Brevard (County),0,0
FL,Brevard (County),1,5
FL,Brevard (County),2,4
FL,Brevard (County),0,1
FL,Brevard (County),5,4
FL,Brevard (County),0,0
FL,Brevard (County),0,0
FL,Brevard (County),0,0
FL,Brevard (County),0,0
FL,Brevard (County),0,0
FL,Brevard (County),0,0
FL,Brevard (County),2,11
FL,Brevard (County),0,0
FL,Brevard (County),0,2
FL,Brevard (County),5,5
FL,Brevard (County),0,0
FL,Brevard (County),1,21
FL,Brevard (County),14,28
FL,Brevard (County),0,0
FL,Brevard (County),0,0
FL,Brevard (County),0,0
FL,Brevard (County),0,1
FL,Brevard (County),0,0
FL,Charlotte (County),0,0
FL,Charlotte (County),0,0
FL,Charlotte (County),0,0
FL,Charlotte (County),0,0
FL,Charlotte (County),0,0
FL,Charlotte (County),0,0
FL,Charlotte (County),5,7
FL,Charlotte (County),0,0
FL,Charlotte (County),0,0
FL,Charlotte (County),0,0
FL,Charlotte (County),1,1
FL,Charlotte (County),0,0
FL,Charlotte (County),0,0
FL,Charlotte (County),0,0
FL,Charlotte (County),0,0
FL,Charlotte (County),0,0
FL,Charlotte (County),0,0
FL,Charlotte (County),16,53
FL,Charlotte (County),101,818
FL,Charlotte (County),0,0
FL,Charlotte (County),0,0
FL,Charlotte (County),0,0
FL,Charlotte (County),0,0
FL,Charlotte (County),0,0
FL,Charlotte (County),1,7
FL,Charlotte (County),0,0
FL,Charlotte (County),0,0
FL,Charlotte (County),0,0
FL,Charlotte (County),0,0
FL,Charlotte (County),0,0
FL,Charlotte (County),0,0
FL,Charlotte (County),0,0
FL,Charlotte (County),0,0
FL,Charlotte (County),0,0
FL,Charlotte (County),0,0
FL,Charlotte (County),0,0
FL,Charlotte (County),0,0
FL,Charlotte (County),0,1
FL,Charlotte (County),0,0
FL,Charlotte (County),0,0
FL,Charlotte (County),2,3
FL,Charlotte (County),0,0
FL,Charlotte (County),1,0
FL,Charlotte (County),0,0
FL,Charlotte (County),0,0
FL,Charlotte (County),0,0
FL,Charlotte (County),0,0
FL,Charlotte (County),0,0
FL,Charlotte (County),0,0
FL,Charlotte (County),0,0
FL,Charlotte (County),0,1
FL,Charlotte (County),0,0
FL,Charlotte (County),0,0
FL,Charlotte (County),9,154
FL,Charlotte (County),1,0
FL,Charlotte (County),0,1
FL,Charlotte (County),0,0
FL,Charlotte (County),0,0
FL,Charlotte (County),0,0
FL,Charlotte (County),0,0
FL,Charlotte (County),0,0
FL,Charlotte (County),0,0
FL,Charlotte (County),0,0
FL,Charlotte (County),0,0
FL,Charlotte (County),32,157
FL,Charlotte (County),111,510
FL,Charlotte (County),35,149
FL,Charlotte (County),21,48
FL,Charlotte (County),15,52
FL,Charlotte (County),50,279
FL,Charlotte (County),0,0
FL,Charlotte (County),0,1
FL,Charlotte (County),0,0
FL,Charlotte (County),0,0
FL,Charlotte (County),0,0
FL,Charlotte (County),0,0
FL,Charlotte (County),0,0
FL,Charlotte (County),0,0
FL,Charlotte (County),0,0
FL,Charlotte (County),0,0
FL,Charlotte (County),0,0
FL,Charlotte (County),0,0
FL,Charlotte (County),0,0
FL,Charlotte (County),0,2
FL,Charlotte (County),0,0
FL,Charlotte (County),0,0
FL,Charlotte (County),0,0
FL,Charlotte (County),0,1
FL,Charlotte (County),0,0
FL,Charlotte (County),0,0
FL,Charlotte (County),79,248
FL,Charlotte (County),44,163
FL,Charlotte (County),28,74
FL,Charlotte (County),74,265
FL,Charlotte (County),21,74
FL,Charlotte (County),0,0
FL,Charlotte (County),0,0
FL,Charlotte (County),0,0
FL,Charlotte (County),0,1
FL,Charlotte (County),0,0
FL,Charlotte (County),0,0
FL,Charlotte (County),0,0
FL,Charlotte (County),0,0
FL,Charlotte (County),0,0
FL,Charlotte (County),0,0
FL,Charlotte (County),0,0
FL,Charlotte (County),0,0
FL,Charlotte (County),0,0
FL,Charlotte (County),23,142
FL,Charlotte (County),0,0
FL,Charlotte (County),0,0
FL,Charlotte (County),0,0
FL,Charlotte (County),0,0
FL,Charlotte (County),0,0
FL,Charlotte (County),0,0
FL,Charlotte (County),0,0
FL,Charlotte (County),0,0
FL,Charlotte (County),0,0
FL,Charlotte (County),0,0
FL,Charlotte (County),0,0
FL,Charlotte (County),0,0
FL,Charlotte (County),0,0
FL,Charlotte (County),0,0
FL,Charlotte (County),0,0
FL,Charlotte (County),0,0
FL,Charlotte (County),0,0
FL,Collier (County),0,0
FL,Collier (County),0,0
FL,Collier (County),0,3
FL,Collier (County),0,0
FL,Collier (County),67,98
FL,Collier (County),0,1
FL,Collier (County),0,0
FL,Collier (County),0,0
FL,Collier (County),5,8
FL,Collier (County),0,0
FL,Collier (County),2,2
FL,Collier (County),0,0
FL,Collier (County),0,0
FL,Collier (County),7,10
FL,Collier (County),0,1
FL,Collier (County),0,0
FL,Collier (County),1,0
FL,Collier (County),11,9
FL,Collier (County),0,0
FL,Collier (County),22,21
FL,Collier (County),0,0
FL,Collier (County),0,0
FL,Collier (County),0,0
FL,Collier (County),0,0
FL,Collier (County),0,0
FL,Collier (County),0,0
FL,Collier (County),45,54
FL,Collier (County),0,0
FL,Collier (County),1,0
FL,Collier (County),0,0
FL,Collier (County),0,0
FL,Collier (County),162,235
FL,Collier (County),138,138
FL,Collier (County),199,163
FL,Collier (County),6,8
FL,Collier (County),0,0
FL,Collier (County),117,92
FL,Collier (County),2,1
FL,Collier (County),70,136
FL,Collier (County),206,437
FL,Collier (County),75,63
FL,Collier (County),81,161
FL,Collier (County),5,3
FL,Collier (County),6,4
FL,Collier (County),1,0
FL,Collier (County),4,4
FL,Collier (County),0,0
FL,Collier (County),0,6
FL,Collier (County),0,0
FL,Collier (County),0,0
FL,Collier (County),0,0
FL,Collier (County),0,0
FL,Collier (County),0,0
FL,Collier (County),0,0
FL,Collier (County),0,0
FL,Collier (County),0,0
FL,Collier (County),0,0
FL,Collier (County),0,0
FL,Collier (County),0,0
FL,Collier (County),0,0
FL,DeSoto (County),0,0
FL,DeSoto (County),0,0
FL,DeSoto (County),0,0
FL,DeSoto (County),1,0
FL,DeSoto (County),0,1
FL,DeSoto (County),247,742
FL,DeSoto (County),38,151
FL,DeSoto (County),0,0
FL,DeSoto (County),1,1
FL,DeSoto (County),0,1
FL,DeSoto (County),0,0
FL,DeSoto (County),0,0
FL,DeSoto (County),8,9
FL,DeSoto (County),0,0
FL,DeSoto (County),0,0
FL,DeSoto (County),0,0
FL,DeSoto (County),0,0
FL,DeSoto (County),1,2
FL,DeSoto (County),0,0
FL,DeSoto (County),0,0
FL,DeSoto (County),0,0
FL,DeSoto (County),0,0
FL,DeSoto (County),0,0
FL,DeSoto (County),0,0
FL,DeSoto (County),0,0
FL,DeSoto (County),0,0
FL,Flagler (County),0,1
FL,Flagler (County),22,19
FL,Flagler (County),19,18
FL,Flagler (County),0,0
FL,Flagler (County),0,0
FL,Flagler (County),0,2
FL,Flagler (County),4,6
FL,Flagler (County),3,2
FL,Flagler (County),0,0
FL,Glades (County),0,0
FL,Glades (County),7,6
FL,Glades (County),1,0
FL,Glades (County),13,11
FL,Glades (County),0,0
FL,Glades (County),0,0
FL,Glades (County),3,2
FL,Glades (County),1,5
FL,Glades (County),0,0
FL,Glades (County),0,0
FL,Hardee (County),0,0
FL,Hardee (County),0,0
FL,Hardee (County),34,57
FL,Hardee (County),0,1
FL,Hardee (County),3,21
FL,Hardee (County),0,0
FL,Hardee (County),86,176
FL,Hardee (County),0,0
FL,Hardee (County),43,132
FL,Hendry (County),0,1
FL,Hendry (County),0,0
FL,Hendry (County),11,12
FL,Hendry (County),0,1
FL,Hendry (County),2,0
FL,Hendry (County),1,1
FL,Hendry (County),0,0
FL,Hendry (County),0,0
FL,Hendry (County),28,21
FL,Hendry (County),0,0
FL,Hendry (County),0,0
FL,Hendry (County),0,0
FL,Hendry (County),0,0
FL,Hendry (County),0,0
FL,Highlands (County),0,0
FL,Highlands (County),40,86
FL,Highlands (County),0,0
FL,Highlands (County),0,0
FL,Highlands (County),0,0
FL,Highlands (County),0,0
FL,Highlands (County),0,0
FL,Highlands (County),0,0
FL,Highlands (County),0,0
FL,Highlands (County),0,0
FL,Highlands (County),0,0
FL,Highlands (County),35,59
FL,Highlands (County),8,8
FL,Highlands (County),0,1
FL,Highlands (County),0,0
FL,Highlands (County),52,86
FL,Highlands (County),10,22
FL,Highlands (County),8,22
FL,Highlands (County),9,10
FL,Highlands (County),0,0
FL,Highlands (County),0,1
FL,Highlands (County),0,0
FL,Highlands (County),2,18
FL,Highlands (County),0,0
FL,Hillsborough (County),0,0
FL,Hillsborough (County),2,10
FL,Hillsborough (County),0,0
FL,Hillsborough (County),0,0
FL,Hillsborough (County),0,0
FL,Hillsborough (County),0,0
FL,Hillsborough (County),0,0
FL,Hillsborough (County),0,0
FL,Hillsborough (County),0,0
FL,Hillsborough (County),0,0
FL,Hillsborough (County),0,0
FL,Hillsborough (County),0,0
FL,Hillsborough (County),2,3
FL,Hillsborough (County),5,7
FL,Hillsborough (County),0,0
FL,Hillsborough (County),0,0
FL,Hillsborough (County),0,0
FL,Hillsborough (County),0,0
FL,Hillsborough (County),0,0
FL,Hillsborough (County),0,0
FL,Hillsborough (County),0,0
FL,Hillsborough (County),0,0
FL,Hillsborough (County),0,0
FL,Hillsborough (County),0,0
FL,Hillsborough (County),0,0
FL,Hillsborough (County),0,0
FL,Hillsborough (County),0,0
FL,Hillsborough (County),0,0
FL,Hillsborough (County),0,0
FL,Hillsborough (County),0,0
FL,Hillsborough (County),13,12
FL,Hillsborough (County),0,0
FL,Hillsborough (County),0,0
FL,Hillsborough (County),0,0
FL,Hillsborough (County),0,0
FL,Hillsborough (County),0,0
FL,Hillsborough (County),0,0
FL,Hillsborough (County),0,0
FL,Hillsborough (County),0,0
FL,Hillsborough (County),8,10
FL,Hillsborough (County),0,0
FL,Hillsborough (County),0,0
FL,Hillsborough (County),0,0
FL,Hillsborough (County),0,0
FL,Hillsborough (County),0,0
FL,Hillsborough (County),0,0
FL,Hillsborough (County),0,0
FL,Hillsborough (County),0,0
FL,Hillsborough (County),0,0
FL,Hillsborough (County),1,0
FL,Hillsborough (County),0,0
FL,Hillsborough (County),0,0
FL,Hillsborough (County),0,1
FL,Hillsborough (County),0,0
FL,Hillsborough (County),0,0
FL,Hillsborough (County),0,0
FL,Hillsborough (County),6,12
FL,Hillsborough (County),0,1
FL,Hillsborough (County),2,3
FL,Hillsborough (County),0,0
FL,Hillsborough (County),0,0
FL,Hillsborough (County),0,0
FL,Hillsborough (County),0,0
FL,Hillsborough (County),0,0
FL,Hillsborough (County),0,0
FL,Hillsborough (County),0,0
FL,Hillsborough (County),0,0
FL,Hillsborough (County),0,0
FL,Hillsborough (County),0,0
FL,Hillsborough (County),0,0
FL,Hillsborough (County),0,0
FL,Hillsborough (County),1,0
FL,Hillsborough (County),0,0
FL,Hillsborough (County),0,0
FL,Hillsborough (County),0,0
FL,Hillsborough (County),0,0
FL,Hillsborough (County),0,0
FL,Hillsborough (County),0,0
FL,Hillsborough (County),0,0
FL,Hillsborough (County),0,0
FL,Hillsborough (County),0,0
FL,Hillsborough (County),12,20
FL,Hillsborough (County),16,20
FL,Hillsborough (County),11,19
FL,Hillsborough (County),14,13
FL,Hillsborough (County),0,0
FL,Hillsborough (County),0,0
FL,Hillsborough (County),0,0
FL,Hillsborough (County),11,17
FL,Hillsborough (County),0,0
FL,Hillsborough (County),0,0
FL,Hillsborough (County),15,24
FL,Hillsborough (County),13,9
FL,Hillsborough (County),0,0
FL,Hillsborough (County),0,0
FL,Hillsborough (County),0,0
FL,Hillsborough (County),0,0
FL,Hillsborough (County),0,0
FL,Hillsborough (County),0,0
FL,Hillsborough (County),0,0
FL,Hillsborough (County),35,70
FL,Hillsborough (County),0,0
FL,Hillsborough (County),0,0
FL,Hillsborough (County),0,0
FL,Hillsborough (County),0,0
FL,Hillsborough (County),0,0
FL,Hillsborough (County),0,0
FL,Hillsborough (County),0,0
FL,Hillsborough (County),0,0
FL,Hillsborough (County),0,0
FL,Hillsborough (County),0,0
FL,Hillsborough (County),0,0
FL,Hillsborough (County),0,0
FL,Hillsborough (County),16,22
FL,Hillsborough (County),0,0
FL,Hillsborough (County),0,0
FL,Hillsborough (County),0,0
FL,Hillsborough (County),0,0
FL,Hillsborough (County),0,0
FL,Hillsborough (County),0,0
FL,Hillsborough (County),0,0
FL,Hillsborough (County),0,0
FL,Hillsborough (County),2,2
FL,Hillsborough (County),0,0
FL,Hillsborough (County),0,0
FL,Hillsborough (County),0,0
FL,Hillsborough (County),0,0
FL,Hillsborough (County),0,0
FL,Hillsborough (County),0,0
FL,Hillsborough (County),1,1
FL,Hillsborough (County),3,5
FL,Hillsborough (County),8,11
FL,Hillsborough (County),8,14
FL,Hillsborough (County),1,0
FL,Hillsborough (County),4,3
FL,Hillsborough (County),0,0
FL,Hillsborough (County),0,0
FL,Hillsborough (County),19,22
FL,Hillsborough (County),2,2
FL,Hillsborough (County),5,5
FL,Hillsborough (County),2,6
FL,Hillsborough (County),2,0
FL,Hillsborough (County),3,6
FL,Hillsborough (County),0,4
FL,Hillsborough (County),2,3
FL,Hillsborough (County),0,0
FL,Hillsborough (County),14,15
FL,Hillsborough (County),0,0
FL,Hillsborough (County),2,1
FL,Hillsborough (County),4,1
FL,Hillsborough (County),0,0
FL,Hillsborough (County),0,3
FL,Hillsborough (County),2,2
FL,Hillsborough (County),7,7
FL,Hillsborough (County),4,5
FL,Hillsborough (County),0,0
FL,Hillsborough (County),1,1
FL,Hillsborough (County),0,0
FL,Hillsborough (County),0,0
FL,Hillsborough (County),0,0
FL,Hillsborough (County),0,0
FL,Hillsborough (County),0,0
FL,Hillsborough (County),0,0
FL,Hillsborough (County),0,0
FL,Hillsborough (County),0,0
FL,Hillsborough (County),0,0
FL,Hillsborough (County),0,0
FL,Hillsborough (County),0,0
FL,Hillsborough (County),5,13
FL,Hillsborough (County),0,0
FL,Hillsborough (County),0,0
FL,Hillsborough (County),0,0
FL,Hillsborough (County),13,12
FL,Hillsborough (County),3,7
FL,Hillsborough (County),0,0
FL,Hillsborough (County),0,0
FL,Hillsborough (County),26,35
FL,Hillsborough (County),0,0
FL,Hillsborough (County),0,0
FL,Lake (County),6,4
FL,Lake (County),0,0
FL,Lake (County),4,1
FL,Lake (County),25,31
FL,Lake (County),0,0
FL,Lake (County),0,0
FL,Lake (County),0,0
FL,Lake (County),5,10
FL,Lake (County),2,6
FL,Lake (County),2,0
FL,Lake (County),0,0
FL,Lake (County),0,0
FL,Lake (County),8,8
FL,Lake (County),0,0
FL,Lake (County),3,10
FL,Lake (County),0,0
FL,Lake (County),6,8
FL,Lake (County),0,0
FL,Lake (County),0,0
FL,Lake (County),2,3
FL,Lake (County),1,0
FL,Lake (County),5,6
FL,Lake (County),0,0
FL,Lake (County),0,0
FL,Lake (County),2,1
FL,Lake (County),0,0
FL,Lake (County),0,0
FL,Lake (County),1,3
FL,Lake (County),0,0
FL,Lake (County),0,0
FL,Lake (County),0,0
FL,Lake (County),0,0
FL,Lake (County),1,0
FL,Lake (County),0,0
FL,Lake (County),0,0
FL,Lake (County),0,0
FL,Lake (County),0,0
FL,Lake (County),0,0
FL,Lake (County),5,8
FL,Lake (County),0,0
FL,Lake (County),7,9
FL,Lake (County),0,0
FL,Lake (County),0,0
FL,Lake (County),0,1
FL,Lake (County),0,0
FL,Lake (County),1,1
FL,Lake (County),1,2
FL,Lake (County),5,8
FL,Lake (County),0,0
FL,Lake (County),0,0
FL,Lake (County),0,0
FL,Lake (County),0,0
FL,Lake (County),0,0
FL,Lake (County),0,0
FL,Lake (County),5,11
FL,Lake (County),0,0
FL,Lake (County),4,5
FL,Lake (County),0,0
FL,Lake (County),4,4
FL,Lake (County),0,3
FL,Lake (County),0,0
FL,Lake (County),0,0
FL,Lake (County),0,0
FL,Lake (County),0,1
FL,Lake (County),0,1
FL,Lee (County),0,0
FL,Lee (County),27,48
FL,Lee (County),0,0
FL,Lee (County),0,0
FL,Lee (County),0,0
FL,Lee (County),0,0
FL,Lee (County),0,0
FL,Lee (County),2,12
FL,Lee (County),0,0
FL,Lee (County),0,0
FL,Lee (County),0,0
FL,Lee (County),0,0
FL,Lee (County),0,1
FL,Lee (County),61,225
FL,Lee (County),1,0
FL,Lee (County),3,0
FL,Lee (County),0,0
FL,Lee (County),1,0
FL,Lee (County),150,354
FL,Lee (County),129,180
FL,Lee (County),0,1
FL,Lee (County),0,0
FL,Lee (County),0,0
FL,Lee (County),0,0
FL,Lee (County),0,0
FL,Lee (County),0,0
FL,Lee (County),0,0
FL,Lee (County),0,1
FL,Lee (County),0,0
FL,Lee (County),0,0
FL,Lee (County),0,0
FL,Lee (County),0,0
FL,Lee (County),0,0
FL,Lee (County),0,0
FL,Lee (County),0,0
FL,Lee (County),400,687
FL,Lee (County),57,113
FL,Lee (County),0,0
FL,Lee (County),0,0
FL,Lee (County),0,0
FL,Lee (County),268,501
FL,Lee (County),0,0
FL,Lee (County),0,0
FL,Lee (County),0,0
FL,Lee (County),0,0
FL,Lee (County),0,0
FL,Lee (County),27,107
FL,Lee (County),36,100
FL,Lee (County),86,166
FL,Lee (County),0,0
FL,Lee (County),0,0
FL,Lee (County),0,0
FL,Lee (County),0,0
FL,Lee (County),0,0
FL,Lee (County),0,0
FL,Lee (County),0,0
FL,Lee (County),0,0
FL,Lee (County),0,0
FL,Lee (County),0,0
FL,Lee (County),7,15
FL,Lee (County),0,0
FL,Lee (County),0,0
FL,Lee (County),0,0
FL,Lee (County),0,0
FL,Lee (County),0,0
FL,Lee (County),0,0
FL,Lee (County),0,0
FL,Lee (County),0,0
FL,Lee (County),0,0
FL,Lee (County),0,0
FL,Lee (County),0,0
FL,Lee (County),0,0
FL,Lee (County),1,0
FL,Lee (County),0,0
FL,Lee (County),0,0
FL,Lee (County),114,260
FL,Lee (County),1,0
FL,Lee (County),0,0
FL,Lee (County),0,0
FL,Lee (County),0,0
FL,Lee (County),0,0
FL,Lee (County),0,0
FL,Lee (County),0,0
FL,Lee (County),0,0
FL,Lee (County),0,0
FL,Lee (County),0,0
FL,Lee (County),0,0
FL,Lee (County),0,0
FL,Lee (County),0,0
FL,Lee (County),0,0
FL,Lee (County),0,0
FL,Lee (County),91,137
FL,Lee (County),1,0
FL,Lee (County),5,10
FL,Lee (County),0,0
FL,Lee (County),311,785
FL,Lee (County),0,0
FL,Lee (County),32,73
FL,Lee (County),1065,3267
FL,Lee (County),0,0
FL,Lee (County),52,112
FL,Lee (County),10,21
FL,Lee (County),95,232
FL,Lee (County),5,16
FL,Lee (County),201,206
FL,Lee (County),1,0
FL,Lee (County),3,8
FL,Lee (County),23,53
FL,Lee (County),0,0
FL,Lee (County),0,0
FL,Lee (County),0,0
FL,Lee (County),0,0
FL,Lee (County),0,0
FL,Lee (County),0,0
FL,Lee (County),0,0
FL,Lee (County),0,0
FL,Lee (County),0,0
FL,Lee (County),513,1782
FL,Lee (County),0,0
FL,Lee (County),0,0
FL,Lee (County),1,0
FL,Lee (County),0,0
FL,Lee (County),0,1
FL,Lee (County),0,0
FL,Lee (County),0,0
FL,Lee (County),0,1
FL,Lee (County),0,0
FL,Lee (County),0,0
FL,Lee (County),0,0
FL,Lee (County),0,0
FL,Lee (County),0,0
FL,Lee (County),0,2
FL,Lee (County),0,1
FL,Lee (County),0,5
FL,Lee (County),0,0
FL,Lee (County),0,0
FL,Lee (County),0,0
FL,Lee (County),0,1
FL,Lee (County),0,0
FL,Lee (County),3,12
FL,Lee (County),0,2
FL,Lee (County),0,0
FL,Lee (County),0,0
FL,Lee (County),0,0
FL,Lee (County),0,1
FL,Lee (County),0,0
FL,Lee (County),0,0
FL,Lee (County),0,0
FL,Lee (County),0,0
FL,Lee (County),0,0
FL,Lee (County),0,0
FL,Lee (County),0,0
FL,Lee (County),0,0
FL,Lee (County),0,0
FL,Lee (County),0,0
FL,Lee (County),0,0
FL,Lee (County),0,0
FL,Lee (County),0,0
FL,Lee (County),0,0
FL,Lee (County),0,0
FL,Lee (County),0,0
FL,Lee (County),0,0
FL,Lee (County),0,0
FL,Lee (County),0,0
FL,Lee (County),0,0
FL,Lee (County),0,0
FL,Lee (County),0,0
FL,Lee (County),0,0
FL,Lee (County),0,0
FL,Lee (County),0,0
FL,Lee (County),0,0
FL,Lee (County),0,0
FL,Lee (County),0,0
FL,Lee (County),0,0
FL,Lee (County),0,0
FL,Lee (County),0,0
FL,Lee (County),0,0
FL,Lee (County),0,0
FL,Lee (County),0,0
FL,Lee (County),0,0
FL,Lee (County),0,0
FL,Lee (County),0,0
FL,Lee (County),11,40
FL,Lee (County),0,0
FL,Lee (County),22,53
FL,Lee (County),13,17
FL,Lee (County),11,6
FL,Lee (County),9,19
FL,Lee (County),20,25
FL,Lee (County),0,0
FL,Lee (County),0,0
FL,Lee (County),0,1
FL,Lee (County),0,0
FL,Lee (County),0,0
FL,Lee (County),0,0
FL,Lee (County),0,0
FL,Lee (County),0,0
FL,Lee (County),0,0
FL,Lee (County),0,0
FL,Lee (County),0,0
FL,Lee (County),0,0
FL,Lee (County),0,0
FL,Lee (County),38,118
FL,Lee (County),1,1
FL,Lee (County),3,3
FL,Lee (County),0,0
FL,Lee (County),0,0
FL,Lee (County),0,0
FL,Lee (County),0,0
FL,Lee (County),0,0
FL,Lee (County),0,0
FL,Lee (County),0,0
FL,Lee (County),0,0
FL,Lee (County),0,0
FL,Lee (County),0,0
FL,Lee (County),0,0
FL,Lee (County),0,0
FL,Lee (County),0,0
FL,Lee (County),0,0
FL,Lee (County),1,0
FL,Lee (County),0,0
FL,Lee (County),0,0
FL,Lee (County),0,0
FL,Lee (County),0,0
FL,Lee (County),0,0
FL,Lee (County),0,0
FL,Lee (County),0,0
FL,Lee (County),1,0
FL,Lee (County),0,0
FL,Lee (County),0,0
FL,Lee (County),0,0
FL,Lee (County),0,1
FL,Lee (County),1,0
FL,Lee (County),1,4
FL,Lee (County),1,2
FL,Lee (County),0,0
FL,Lee (County),0,0
FL,Lee (County),0,0
FL,Lee (County),0,0
FL,Lee (County),0,0
FL,Lee (County),0,0
FL,Lee (County),0,0
FL,Lee (County),0,0
FL,Lee (County),0,0
FL,Lee (County),0,0
FL,Lee (County),0,0
FL,Lee (County),0,0
FL,Lee (County),0,0
FL,Lee (County),0,0
FL,Lee (County),448,1112
FL,Lee (County),671,1608
FL,Lee (County),0,0
FL,Lee (County),0,0
FL,Lee (County),1,0
FL,Lee (County),1,1
FL,Lee (County),0,0
FL,Lee (County),0,0
FL,Lee (County),0,0
FL,Lee (County),0,0
FL,Lee (County),0,0
FL,Lee (County),0,0
FL,Lee (County),0,0
FL,Lee (County),0,0
FL,Lee (County),0,0
FL,Lee (County),0,0
FL,Lee (County),0,0
FL,Lee (County),0,0
FL,Lee (County),0,0
FL,Lee (County),0,0
FL,Lee (County),0,0
FL,Lee (County),0,0
FL,Lee (County),0,0
FL,Lee (County),0,0
FL,Lee (County),0,0
FL,Lee (County),0,0
FL,Lee (County),0,0
FL,Lee (County),0,0
FL,Lee (County),0,0
FL,Lee (County),0,1
FL,Lee (County),0,0
FL,Lee (County),0,0
FL,Lee (County),0,0
FL,Lee (County),0,0
FL,Lee (County),0,0
FL,Lee (County),0,0
FL,Lee (County),0,0
FL,Lee (County),0,0
FL,Lee (County),0,0
FL,Lee (County),5,6
FL,Lee (County),0,0
FL,Lee (County),0,0
FL,Lee (County),0,0
FL,Lee (County),0,0
FL,Lee (County),0,0
FL,Lee (County),0,0
FL,Lee (County),0,0
FL,Lee (County),0,0
FL,Lee (County),0,0
FL,Lee (County),0,0
FL,Lee (County),0,0
FL,Lee (County),0,0
FL,Lee (County),1,34
FL,Lee (County),0,0
FL,Lee (County),0,0
FL,Lee (County),0,0
FL,Lee (County),446,497
FL,Lee (County),0,0
FL,Lee (County),0,1
FL,Lee (County),0,0
FL,Lee (County),0,0
FL,Lee (County),0,0
FL,Lee (County),0,0
FL,Lee (County),0,0
FL,Lee (County),0,0
FL,Lee (County),0,0
FL,Lee (County),143,677
FL,Lee (County),0,0
FL,Lee (County),0,0
FL,Lee (County),0,0
FL,Lee (County),0,0
FL,Lee (County),0,0
FL,Lee (County),0,0
FL,Lee (County),0,0
FL,Lee (County),0,0
FL,Lee (County),0,0
FL,Lee (County),0,0
FL,Lee (County),0,0
FL,Lee (County),0,0
FL,Lee (County),0,0
FL,Lee (County),0,0
FL,Lee (County),0,0
FL,Lee (County),0,0
FL,Lee (County),0,0
FL,Lee (County),0,0
FL,Lee (County),0,0
FL,Lee (County),0,0
FL,Lee (County),0,0
FL,Lee (County),0,0
FL,Lee (County),0,0
FL,Lee (County),0,0
FL,Lee (County),0,0
FL,Lee (County),0,0
FL,Lee (County),0,0
FL,Lee (County),0,0
FL,Lee (County),0,0
FL,Manatee (County),0,0
FL,Manatee (County),0,0
FL,Manatee (County),0,0
FL,Manatee (County),0,0
FL,Manatee (County),0,0
FL,Manatee (County),0,0
FL,Manatee (County),0,0
FL,Manatee (County),0,0
FL,Manatee (County),0,0
FL,Manatee (County),0,0
FL,Manatee (County),0,0
FL,Manatee (County),0,0
FL,Manatee (County),0,0
FL,Manatee (County),0,0
FL,Manatee (County),0,0
FL,Manatee (County),0,0
FL,Manatee (County),0,0
FL,Manatee (County),0,0
FL,Manatee (County),0,0
FL,Manatee (County),0,0
FL,Manatee (County),0,0
FL,Manatee (County),0,0
FL,Manatee (County),0,0
FL,Manatee (County),0,0
FL,Manatee (County),0,0
FL,Manatee (County),0,0
FL,Manatee (County),0,0
FL,Manatee (County),0,0
FL,Manatee (County),1,3
FL,Manatee (County),44,34
FL,Manatee (County),12,32
FL,Manatee (County),69,97
FL,Manatee (County),23,34
FL,Manatee (County),8,6
FL,Manatee (County),2,8
FL,Manatee (County),1,0
FL,Manatee (County),3,5
FL,Manatee (County),0,0
FL,Manatee (County),0,3
FL,Manatee (County),0,0
FL,Manatee (County),0,0
FL,Manatee (County),0,0
FL,Manatee (County),0,0
FL,Manatee (County),0,0
FL,Manatee (County),0,0
FL,Manatee (County),0,0
FL,Manatee (County),0,0
FL,Manatee (County),0,0
FL,Manatee (County),0,0
FL,Manatee (County),0,0
FL,Manatee (County),0,0
FL,Manatee (County),0,0
FL,Manatee (County),0,0
FL,Manatee (County),0,0
FL,Manatee (County),0,0
FL,Manatee (County),0,0
FL,Manatee (County),2,0
FL,Manatee (County),0,0
FL,Manatee (County),0,0
FL,Manatee (County),0,0
FL,Manatee (County),0,0
FL,Manatee (County),0,0
FL,Manatee (County),0,0
FL,Manatee (County),0,0
FL,Manatee (County),0,0
FL,Manatee (County),0,0
FL,Manatee (County),0,0
FL,Manatee (County),0,0
FL,Manatee (County),0,0
FL,Manatee (County),0,0
FL,Manatee (County),0,0
FL,Manatee (County),0,0
FL,Manatee (County),0,0
FL,Manatee (County),0,0
FL,Manatee (County),0,0
FL,Manatee (County),0,0
FL,Manatee (County),1,1
FL,Manatee (County),15,35
FL,Manatee (County),0,0
FL,Manatee (County),0,0
FL,Manatee (County),0,0
FL,Manatee (County),0,0
FL,Manatee (County),0,0
FL,Manatee (County),0,0
FL,Manatee (County),0,0
FL,Manatee (County),0,0
FL,Manatee (County),0,0
FL,Manatee (County),0,0
FL,Manatee (County),0,0
FL,Manatee (County),0,0
FL,Manatee (County),0,0
FL,Manatee (County),0,0
FL,Manatee (County),0,0
FL,Manatee (County),0,0
FL,Manatee (County),0,0
FL,Manatee (County),0,0
FL,Manatee (County),0,0
FL,Manatee (County),0,0
FL,Manatee (County),0,0
FL,Manatee (County),0,0
FL,Manatee (County),0,0
FL,Manatee (County),0,0
FL,Manatee (County),0,0
FL,Manatee (County),0,0
FL,Manatee (County),0,0
FL,Manatee (County),0,0
FL,Manatee (County),0,0
FL,Manatee (County),0,0
FL,Manatee (County),0,0
FL,Manatee (County),0,0
FL,Manatee (County),0,0
FL,Manatee (County),0,0
FL,Manatee (County),0,0
FL,Manatee (County),0,0
FL,Manatee (County),0,0
FL,Manatee (County),0,0
FL,Manatee (County),0,0
FL,Manatee (County),0,0
FL,Manatee (County),0,0
FL,Manatee (County),0,0
FL,Manatee (County),0,0
FL,Manatee (County),0,0
FL,Manatee (County),0,0
FL,Manatee (County),0,0
FL,Manatee (County),0,0
FL,Manatee (County),0,0
FL,Manatee (County),0,0
FL,Manatee (County),0,0
FL,Manatee (County),0,0
FL,Manatee (County),0,0
FL,Manatee (County),0,0
FL,Manatee (County),0,0
FL,Manatee (County),0,0
FL,Manatee (County),0,0
FL,Manatee (County),0,0
FL,Manatee (County),0,0
FL,Manatee (County),0,0
FL,Manatee (County),0,0
FL,Manatee (County),1,1
FL,Manatee (County),0,0
FL,Manatee (County),0,0
FL,Manatee (County),0,0
FL,Manatee (County),0,0
FL,Manatee (County),0,0
FL,Manatee (County),0,0
FL,Manatee (County),0,0
FL,Manatee (County),0,0
FL,Manatee (County),0,0
FL,Manatee (County),0,0
FL,Manatee (County),0,0
FL,Manatee (County),0,0
FL,Manatee (County),0,0
FL,Manatee (County),0,0
FL,Manatee (County),0,0
FL,Manatee (County),0,0
FL,Manatee (County),0,0
FL,Manatee (County),0,0
FL,Manatee (County),0,0
FL,Manatee (County),0,0
FL,Manatee (County),0,0
FL,Manatee (County),0,0
FL,Manatee (County),0,0
FL,Manatee (County),0,0
FL,Manatee (County),0,0
FL,Manatee (County),0,0
FL,Manatee (County),0,0
FL,Manatee (County),0,0
FL,Manatee (County),0,0
FL,Manatee (County),0,0
FL,Manatee (County),0,0
FL,Manatee (County),0,0
FL,Manatee (County),0,0
FL,Manatee (County),0,0
FL,Manatee (County),0,0
FL,Manatee (County),0,0
FL,Manatee (County),0,0
FL,Manatee (County),0,0
FL,Manatee (County),0,0
FL,Manatee (County),0,0
FL,Manatee (County),0,0
FL,Manatee (County),0,0
FL,Manatee (County),0,0
FL,Manatee (County),0,0
FL,Manatee (County),0,0
FL,Manatee (County),0,0
FL,Manatee (County),0,0
FL,Manatee (County),0,0
FL,Manatee (County),0,0
FL,Manatee (County),0,0
FL,Manatee (County),0,0
FL,Manatee (County),0,0
FL,Manatee (County),0,0
FL,Manatee (County),0,0
FL,Manatee (County),29,57
FL,Manatee (County),0,0
FL,Manatee (County),0,0
FL,Manatee (County),0,0
FL,Manatee (County),0,0
FL,Manatee (County),0,0
FL,Manatee (County),0,0
FL,Manatee (County),0,0
FL,Manatee (County),0,0
FL,Manatee (County),0,0
FL,Manatee (County),0,0
FL,Manatee (County),0,0
FL,Manatee (County),0,0
FL,Manatee (County),0,0
FL,Manatee (County),0,0
FL,Manatee (County),0,0
FL,Manatee (County),0,0
FL,Manatee (County),0,0
FL,Manatee (County),0,0
FL,Manatee (County),0,0
FL,Manatee (County),0,0
FL,Manatee (County),0,0
FL,Manatee (County),0,0
FL,Manatee (County),0,0
FL,Manatee (County),0,0
FL,Manatee (County),0,0
FL,Manatee (County),0,0
FL,Manatee (County),0,0
FL,Manatee (County),0,0
FL,Manatee (County),0,0
FL,Manatee (County),0,0
FL,Manatee (County),0,0
FL,Manatee (County),0,0
FL,Manatee (County),0,0
FL,Manatee (County),0,0
FL,Manatee (County),0,0
FL,Manatee (County),0,0
FL,Manatee (County),0,0
FL,Manatee (County),0,0
FL,Manatee (County),0,0
FL,Manatee (County),0,0
FL,Manatee (County),0,0
FL,Manatee (County),0,0
FL,Manatee (County),0,0
FL,Manatee (County),0,0
FL,Manatee (County),0,0
FL,Manatee (County),0,0
FL,Manatee (County),0,0
FL,Manatee (County),0,0
FL,Manatee (County),0,0
FL,Manatee (County),0,0
FL,Manatee (County),0,0
FL,Manatee (County),0,0
FL,Manatee (County),0,1
FL,Manatee (County),51,75
FL,Manatee (County),0,0
FL,Manatee (County),1,7
FL,Manatee (County),0,0
FL,Manatee (County),0,0
FL,Manatee (County),0,0
FL,Manatee (County),0,0
FL,Manatee (County),0,0
FL,Manatee (County),0,0
FL,Manatee (County),0,0
FL,Manatee (County),0,0
FL,Manatee (County),0,0
FL,Manatee (County),0,0
FL,Manatee (County),0,0
FL,Manatee (County),0,0
FL,Manatee (County),0,0
FL,Manatee (County),0,1
FL,Manatee (County),0,0
FL,Manatee (County),0,0
FL,Manatee (County),0,0
FL,Manatee (County),0,0
FL,Manatee (County),0,0
FL,Manatee (County),0,0
FL,Manatee (County),0,0
FL,Manatee (County),0,0
FL,Manatee (County),0,0
FL,Manatee (County),0,0
FL,Manatee (County),0,0
FL,Manatee (County),0,0
FL,Manatee (County),0,0
FL,Manatee (County),0,0
FL,Manatee (County),0,0
FL,Manatee (County),0,0
FL,Manatee (County),12,15
FL,Manatee (County),0,0
FL,Manatee (County),0,0
FL,Manatee (County),0,0
FL,Manatee (County),0,0
FL,Manatee (County),0,0
FL,Manatee (County),0,0
FL,Manatee (County),0,0
FL,Manatee (County),0,0
FL,Manatee (County),0,0
FL,Manatee (County),0,0
FL,Manatee (County),0,0
FL,Manatee (County),0,0
FL,Manatee (County),0,0
FL,Manatee (County),0,0
FL,Manatee (County),0,0
FL,Manatee (County),0,0
FL,Manatee (County),0,0
FL,Manatee (County),0,0
FL,Manatee (County),0,0
FL,Manatee (County),0,0
FL,Manatee (County),0,0
FL,Manatee (County),0,0
FL,Manatee (County),0,0
FL,Manatee (County),0,0
FL,Manatee (County),0,0
FL,Manatee (County),0,0
FL,Manatee (County),0,0
FL,Manatee (County),0,0
FL,Manatee (County),0,0
FL,Manatee (County),0,0
FL,Manatee (County),0,0
FL,Manatee (County),0,0
FL,Manatee (County),0,0
FL,Manatee (County),0,0
FL,Manatee (County),0,0
FL,Manatee (County),0,0
FL,Manatee (County),0,2
FL,Manatee (County),0,0
FL,Manatee (County),0,0
FL,Manatee (County),0,0
FL,Manatee (County),0,0
FL,Manatee (County),0,0
FL,Manatee (County),0,0
FL,Manatee (County),0,0
FL,Manatee (County),0,0
FL,Manatee (County),0,0
FL,Manatee (County),0,0
FL,Manatee (County),0,0
FL,Manatee (County),0,0
FL,Manatee (County),0,0
FL,Manatee (County),0,0
FL,Manatee (County),0,0
FL,Manatee (County),0,0
FL,Manatee (County),0,0
FL,Manatee (County),0,0
FL,Manatee (County),0,0
FL,Manatee (County),0,0
FL,Manatee (County),0,0
FL,Manatee (County),0,0
FL,Manatee (County),0,0
FL,Manatee (County),0,0
FL,Manatee (County),0,0
FL,Manatee (County),0,0
FL,Manatee (County),0,0
FL,Manatee (County),0,0
FL,Manatee (County),0,0
FL,Manatee (County),0,0
FL,Manatee (County),0,0
FL,Manatee (County),0,0
FL,Manatee (County),0,0
FL,Manatee (County),0,0
FL,Monroe (County),0,0
FL,Monroe (County),2,1
FL,Monroe (County),0,0
FL,Monroe (County),0,1
FL,Monroe (County),0,0
FL,Monroe (County),3,3
FL,Monroe (County),2,3
FL,Monroe (County),0,0
FL,Monroe (County),78,81
FL,Monroe (County),0,1
FL,Monroe (County),0,0
FL,Monroe (County),0,1
FL,Monroe (County),1,1
FL,Monroe (County),0,1
FL,Monroe (County),0,0
FL,Monroe (County),0,0
FL,Monroe (County),1,0
FL,Monroe (County),0,0
FL,Monroe (County),0,0
FL,Monroe (County),0,0
FL,Okeechobee (County),0,0
FL,Okeechobee (County),0,0
FL,Okeechobee (County),20,27
FL,Okeechobee (County),28,36
FL,Okeechobee (County),0,0
FL,Okeechobee (County),0,0
FL,Orange (County),0,0
FL,Orange (County),0,0
FL,Orange (County),0,0
FL,Orange (County),0,0
FL,Orange (County),0,0
FL,Orange (County),0,0
FL,Orange (County),32,38
FL,Orange (County),0,0
FL,Orange (County),18,25
FL,Orange (County),0,0
FL,Orange (County),0,1
FL,Orange (County),1,3
FL,Orange (County),3,3
FL,Orange (County),0,0
FL,Orange (County),5,8
FL,Orange (County),0,0
FL,Orange (County),0,0
FL,Orange (County),0,0
FL,Orange (County),0,0
FL,Orange (County),0,0
FL,Orange (County),0,0
FL,Orange (County),0,0
FL,Orange (County),0,0
FL,Orange (County),0,2
FL,Orange (County),0,0
FL,Orange (County),0,0
FL,Orange (County),0,0
FL,Orange (County),0,0
FL,Orange (County),0,0
FL,Orange (County),0,0
FL,Orange (County),0,0
FL,Orange (County),0,0
FL,Orange (County),0,0
FL,Orange (County),1,1
FL,Orange (County),0,0
FL,Orange (County),0,0
FL,Orange (County),0,0
FL,Orange (County),0,0
FL,Orange (County),0,0
FL,Orange (County),0,0
FL,Orange (County),0,0
FL,Orange (County),0,0
FL,Orange (County),0,0
FL,Orange (County),0,0
FL,Orange (County),0,0
FL,Orange (County),0,0
FL,Orange (County),0,0
FL,Orange (County),0,0
FL,Orange (County),0,0
FL,Orange (County),0,0
FL,Orange (County),0,0
FL,Orange (County),0,0
FL,Orange (County),0,0
FL,Orange (County),4,14
FL,Orange (County),0,0
FL,Orange (County),0,0
FL,Orange (County),0,0
FL,Orange (County),0,1
FL,Orange (County),0,0
FL,Orange (County),0,0
FL,Orange (County),0,0
FL,Orange (County),0,0
FL,Orange (County),0,1
FL,Orange (County),0,0
FL,Orange (County),6,10
FL,Orange (County),0,0
FL,Orange (County),0,0
FL,Orange (County),0,0
FL,Orange (County),0,0
FL,Orange (County),0,0
FL,Orange (County),0,0
FL,Orange (County),0,0
FL,Orange (County),0,0
FL,Orange (County),0,0
FL,Orange (County),2,1
FL,Orange (County),8,23
FL,Orange (County),25,88
FL,Orange (County),36,82
FL,Orange (County),15,26
FL,Orange (County),20,71
FL,Orange (County),39,66
FL,Orange (County),52,85
FL,Orange (County),27,63
FL,Orange (County),54,143
FL,Orange (County),28,47
FL,Orange (County),0,0
FL,Orange (County),0,0
FL,Orange (County),22,101
FL,Orange (County),33,72
FL,Orange (County),18,19
FL,Orange (County),6,16
FL,Orange (County),5,4
FL,Orange (County),112,238
FL,Orange (County),18,62
FL,Orange (County),46,98
FL,Orange (County),21,28
FL,Orange (County),1,2
FL,Orange (County),16,28
FL,Orange (County),11,46
FL,Orange (County),5,5
FL,Orange (County),5,4
FL,Orange (County),16,32
FL,Orange (County),0,0
FL,Orange (County),10,16
FL,Orange (County),1,5
FL,Orange (County),11,16
FL,Orange (County),28,60
FL,Orange (County),0,0
FL,Orange (County),0,0
FL,Orange (County),0,0
FL,Orange (County),0,0
FL,Orange (County),0,0
FL,Orange (County),0,0
FL,Orange (County),0,0
FL,Orange (County),0,0
FL,Orange (County),0,0
FL,Orange (County),0,1
FL,Orange (County),0,0
FL,Orange (County),0,2
FL,Orange (County),0,0
FL,Orange (County),0,0
FL,Orange (County),0,0
FL,Orange (County),0,0
FL,Orange (County),0,0
FL,Orange (County),0,0
FL,Orange (County),0,0
FL,Orange (County),0,0
FL,Orange (County),0,0
FL,Orange (County),0,0
FL,Orange (County),0,0
FL,Orange (County),0,0
FL,Orange (County),0,0
FL,Orange (County),0,0
FL,Orange (County),0,0
FL,Orange (County),0,0
FL,Orange (County),0,0
FL,Orange (County),0,0
FL,Orange (County),0,0
FL,Orange (County),0,0
FL,Orange (County),0,0
FL,Orange (County),0,0
FL,Orange (County),0,0
FL,Orange (County),0,0
FL,Orange (County),0,0
FL,Orange (County),0,0
FL,Orange (County),0,0
FL,Orange (County),2,0
FL,Orange (County),0,2
FL,Orange (County),0,0
FL,Orange (County),0,0
FL,Orange (County),0,0
FL,Orange (County),0,0
FL,Orange (County),0,0
FL,Orange (County),0,0
FL,Orange (County),0,0
FL,Orange (County),2,3
FL,Orange (County),0,0
FL,Orange (County),10,16
FL,Orange (County),0,0
FL,Orange (County),0,0
FL,Orange (County),0,0
FL,Orange (County),0,0
FL,Orange (County),21,49
FL,Orange (County),0,0
FL,Orange (County),9,21
FL,Orange (County),0,0
FL,Orange (County),0,0
FL,Orange (County),0,1
FL,Orange (County),0,0
FL,Orange (County),3,2
FL,Osceola (County),0,0
FL,Osceola (County),0,0
FL,Osceola (County),0,0
FL,Osceola (County),0,0
FL,Osceola (County),0,0
FL,Osceola (County),0,0
FL,Osceola (County),0,0
FL,Osceola (County),0,0
FL,Osceola (County),0,0
FL,Osceola (County),1,1
FL,Osceola (County),0,0
FL,Osceola (County),0,0
FL,Osceola (County),0,0
FL,Osceola (County),0,0
FL,Osceola (County),2,5
FL,Osceola (County),0,0
FL,Osceola (County),0,0
FL,Osceola (County),1,0
FL,Osceola (County),0,0
FL,Osceola (County),0,0
FL,Osceola (County),0,0
FL,Osceola (County),0,0
FL,Osceola (County),0,0
FL,Osceola (County),0,0
FL,Osceola (County),0,0
FL,Osceola (County),0,0
FL,Osceola (County),0,0
FL,Osceola (County),0,0
FL,Osceola (County),0,0
FL,Osceola (County),0,0
FL,Osceola (County),0,0
FL,Osceola (County),0,0
FL,Osceola (County),0,0
FL,Osceola (County),0,0
FL,Osceola (County),0,0
FL,Osceola (County),67,144
FL,Osceola (County),31,147
FL,Osceola (County),49,96
FL,Osceola (County),91,132
FL,Osceola (County),1,1
FL,Osceola (County),15,18
FL,Osceola (County),8,1
FL,Osceola (County),0,0
FL,Osceola (County),0,0
FL,Osceola (County),0,0
FL,Osceola (County),0,0
FL,Osceola (County),0,0
FL,Osceola (County),0,0
FL,Osceola (County),0,0
FL,Osceola (County),0,0
FL,Osceola (County),0,0
FL,Osceola (County),0,1
FL,Osceola (County),0,0
FL,Osceola (County),0,0
FL,Osceola (County),0,0
FL,Osceola (County),0,0
FL,Osceola (County),0,0
FL,Osceola (County),0,0
FL,Osceola (County),0,0
FL,Osceola (County),0,0
FL,Osceola (County),0,0
FL,Osceola (County),0,0
FL,Osceola (County),0,0
FL,Osceola (County),0,0
FL,Osceola (County),0,0
FL,Osceola (County),0,0
FL,Osceola (County),0,0
FL,Osceola (County),0,0
FL,Osceola (County),0,0
FL,Osceola (County),0,0
FL,Osceola (County),0,0
FL,Osceola (County),0,0
FL,Osceola (County),17,33
FL,Osceola (County),24,37
FL,Osceola (County),6,3
FL,Osceola (County),2,2
FL,Osceola (County),0,0
FL,Osceola (County),1,0
FL,Osceola (County),0,0
FL,Osceola (County),0,0
FL,Osceola (County),0,0
FL,Osceola (County),0,0
FL,Osceola (County),0,0
FL,Osceola (County),0,0
FL,Osceola (County),0,0
FL,Osceola (County),0,0
FL,Palm Beach (County),0,0
FL,Palm Beach (County),0,0
FL,Palm Beach (County),0,0
FL,Palm Beach (County),10,10
FL,Palm Beach (County),0,0
FL,Palm Beach (County),0,0
FL,Palm Beach (County),0,1
FL,Palm Beach (County),0,0
FL,Palm Beach (County),0,0
FL,Palm Beach (County),0,0
FL,Palm Beach (County),0,0
FL,Palm Beach (County),0,0
FL,Palm Beach (County),0,0
FL,Palm Beach (County),0,0
FL,Palm Beach (County),0,0
FL,Palm Beach (County),0,0
FL,Palm Beach (County),0,0
FL,Palm Beach (County),0,0
FL,Palm Beach (County),0,0
FL,Palm Beach (County),0,0
FL,Palm Beach (County),0,0
FL,Palm Beach (County),0,1
FL,Palm Beach (County),1,1
FL,Palm Beach (County),0,1
FL,Palm Beach (County),0,0
FL,Palm Beach (County),0,0
FL,Palm Beach (County),0,0
FL,Palm Beach (County),0,0
FL,Palm Beach (County),0,0
FL,Palm Beach (County),0,0
FL,Palm Beach (County),0,0
FL,Palm Beach (County),0,0
FL,Palm Beach (County),0,0
FL,Palm Beach (County),0,0
FL,Palm Beach (County),0,0
FL,Palm Beach (County),1,0
FL,Palm Beach (County),0,0
FL,Palm Beach (County),6,10
FL,Palm Beach (County),0,0
FL,Palm Beach (County),0,0
FL,Palm Beach (County),0,0
FL,Palm Beach (County),0,0
FL,Palm Beach (County),0,0
FL,Palm Beach (County),0,0
FL,Palm Beach (County),0,0
FL,Palm Beach (County),0,0
FL,Palm Beach (County),0,0
FL,Palm Beach (County),0,0
FL,Palm Beach (County),0,0
FL,Palm Beach (County),0,0
FL,Palm Beach (County),0,0
FL,Palm Beach (County),0,0
FL,Palm Beach (County),0,0
FL,Palm Beach (County),0,1
FL,Palm Beach (County),0,0
FL,Palm Beach (County),0,0
FL,Palm Beach (County),0,0
FL,Palm Beach (County),0,0
FL,Palm Beach (County),0,0
FL,Palm Beach (County),0,0
FL,Palm Beach (County),0,0
FL,Palm Beach (County),0,0
FL,Palm Beach (County),0,0
FL,Palm Beach (County),0,0
FL,Palm Beach (County),0,1
FL,Palm Beach (County),0,1
FL,Palm Beach (County),0,2
FL,Palm Beach (County),1,0
FL,Palm Beach (County),0,1
FL,Palm Beach (County),1,0
FL,Palm Beach (County),0,0
FL,Palm Beach (County),0,0
FL,Palm Beach (County),0,0
FL,Palm Beach (County),0,0
FL,Palm Beach (County),0,0
FL,Palm Beach (County),0,0
FL,Palm Beach (County),0,0
FL,Palm Beach (County),0,0
FL,Palm Beach (County),0,2
FL,Palm Beach (County),0,0
FL,Palm Beach (County),0,0
FL,Palm Beach (County),0,0
FL,Palm Beach (County),0,0
FL,Palm Beach (County),0,0
FL,Palm Beach (County),0,0
FL,Palm Beach (County),0,0
FL,Palm Beach (County),0,0
FL,Palm Beach (County),0,0
FL,Palm Beach (County),5,6
FL,Palm Beach (County),0,0
FL,Palm Beach (County),0,1
FL,Palm Beach (County),0,0
FL,Palm Beach (County),0,0
FL,Palm Beach (County),0,0
FL,Palm Beach (County),0,0
FL,Palm Beach (County),0,0
FL,Palm Beach (County),0,1
FL,Palm Beach (County),0,0
FL,Palm Beach (County),0,1
FL,Palm Beach (County),0,0
FL,Palm Beach (County),0,0
FL,Palm Beach (County),0,0
FL,Palm Beach (County),0,0
FL,Palm Beach (County),0,0
FL,Palm Beach (County),0,0
FL,Palm Beach (County),0,0
FL,Palm Beach (County),0,0
FL,Palm Beach (County),0,0
FL,Palm Beach (County),0,0
FL,Palm Beach (County),0,0
FL,Palm Beach (County),0,0
FL,Palm Beach (County),1,2
FL,Palm Beach (County),0,0
FL,Palm Beach (County),0,0
FL,Palm Beach (County),0,0
FL,Palm Beach (County),0,0
FL,Palm Beach (County),0,0
FL,Palm Beach (County),0,0
FL,Palm Beach (County),1,0
FL,Palm Beach (County),0,0
FL,Palm Beach (County),0,0
FL,Palm Beach (County),0,0
FL,Palm Beach (County),0,0
FL,Palm Beach (County),0,0
FL,Palm Beach (County),1,4
FL,Palm Beach (County),0,0
FL,Palm Beach (County),0,0
FL,Palm Beach (County),0,0
FL,Palm Beach (County),0,0
FL,Palm Beach (County),0,1
FL,Palm Beach (County),0,0
FL,Palm Beach (County),0,0
FL,Palm Beach (County),0,0
FL,Palm Beach (County),0,0
FL,Palm Beach (County),0,0
FL,Palm Beach (County),0,0
FL,Palm Beach (County),0,0
FL,Palm Beach (County),0,0
FL,Palm Beach (County),0,0
FL,Palm Beach (County),0,0
FL,Palm Beach (County),0,0
FL,Palm Beach (County),0,0
FL,Palm Beach (County),0,0
FL,Palm Beach (County),0,0
FL,Palm Beach (County),0,0
FL,Palm Beach (County),0,0
FL,Palm Beach (County),0,0
FL,Palm Beach (County),0,0
FL,Palm Beach (County),0,0
FL,Palm Beach (County),0,0
FL,Palm Beach (County),0,0
FL,Palm Beach (County),1,0
FL,Palm Beach (County),0,0
FL,Palm Beach (County),1,0
FL,Palm Beach (County),0,0
FL,Palm Beach (County),0,2
FL,Palm Beach (County),1,0
FL,Palm Beach (County),1,1
FL,Palm Beach (County),0,0
FL,Palm Beach (County),0,0
FL,Palm Beach (County),0,0
FL,Palm Beach (County),0,0
FL,Palm Beach (County),1,0
FL,Palm Beach (County),0,0
FL,Palm Beach (County),0,1
FL,Palm Beach (County),0,0
FL,Palm Beach (County),0,3
FL,Palm Beach (County),0,0
FL,Palm Beach (County),0,0
FL,Palm Beach (County),0,0
FL,Palm Beach (County),0,0
FL,Palm Beach (County),0,0
FL,Pasco (County),0,0
FL,Pasco (County),0,0
FL,Pasco (County),0,0
FL,Pasco (County),0,0
FL,Pasco (County),0,0
FL,Pasco (County),7,3
FL,Pasco (County),4,3
FL,Pasco (County),0,0
FL,Pasco (County),0,0
FL,Pasco (County),0,0
FL,Pasco (County),3,1
FL,Pasco (County),4,2
FL,Pasco (County),0,0
FL,Pasco (County),4,5
FL,Pasco (County),1,0
FL,Pasco (County),0,0
FL,Pasco (County),1,0
FL,Pasco (County),0,1
FL,Pasco (County),0,0
FL,Pasco (County),0,0
FL,Pasco (County),0,0
FL,Pasco (County),0,0
FL,Pasco (County),0,0
FL,Pasco (County),0,0
FL,Pasco (County),0,0
FL,Pasco (County),0,0
FL,Pasco (County),1,1
FL,Pasco (County),0,3
FL,Pasco (County),1,3
FL,Pasco (County),0,1
FL,Pasco (County),0,0
FL,Pasco (County),0,0
FL,Pasco (County),0,0
FL,Pasco (County),0,0
FL,Pasco (County),1,0
FL,Pasco (County),0,0
FL,Pasco (County),0,0
FL,Pasco (County),1,0
FL,Pasco (County),0,1
FL,Pasco (County),0,0
FL,Pasco (County),0,1
FL,Pasco (County),1,1
FL,Pasco (County),0,0
FL,Pasco (County),0,0
FL,Pasco (County),7,8
FL,Pasco (County),6,5
FL,Pasco (County),8,5
FL,Pasco (County),0,0
FL,Pasco (County),0,0
FL,Pinellas (County),0,0
FL,Pinellas (County),0,0
FL,Pinellas (County),0,0
FL,Pinellas (County),0,0
FL,Pinellas (County),0,0
FL,Pinellas (County),0,5
FL,Pinellas (County),3,2
FL,Pinellas (County),1,3
FL,Pinellas (County),0,1
FL,Pinellas (County),3,1
FL,Pinellas (County),0,0
FL,Pinellas (County),2,0
FL,Pinellas (County),0,6
FL,Pinellas (County),3,8
FL,Pinellas (County),0,0
FL,Pinellas (County),1,0
FL,Pinellas (County),0,0
FL,Pinellas (County),0,0
FL,Pinellas (County),0,2
FL,Pinellas (County),0,0
FL,Pinellas (County),0,0
FL,Pinellas (County),1,0
FL,Pinellas (County),0,0
FL,Pinellas (County),0,0
FL,Pinellas (County),0,0
FL,Pinellas (County),0,0
FL,Pinellas (County),0,0
FL,Pinellas (County),0,0
FL,Pinellas (County),0,0
FL,Pinellas (County),0,0
FL,Pinellas (County),0,0
FL,Pinellas (County),0,0
FL,Pinellas (County),1,2
FL,Pinellas (County),11,11
FL,Pinellas (County),2,2
FL,Pinellas (County),1,0
FL,Pinellas (County),0,0
FL,Pinellas (County),0,0
FL,Pinellas (County),4,3
FL,Pinellas (County),0,0
FL,Pinellas (County),0,0
FL,Pinellas (County),0,0
FL,Pinellas (County),0,0
FL,Pinellas (County),0,0
FL,Pinellas (County),0,0
FL,Pinellas (County),0,0
FL,Pinellas (County),0,0
FL,Pinellas (County),0,0
FL,Pinellas (County),0,0
FL,Pinellas (County),0,0
FL,Pinellas (County),0,0
FL,Pinellas (County),1,0
FL,Pinellas (County),0,1
FL,Pinellas (County),0,0
FL,Pinellas (County),0,0
FL,Pinellas (County),0,0
FL,Pinellas (County),4,6
FL,Pinellas (County),0,0
FL,Pinellas (County),0,0
FL,Pinellas (County),0,0
FL,Pinellas (County),0,0
FL,Pinellas (County),0,1
FL,Pinellas (County),0,0
FL,Pinellas (County),0,1
FL,Pinellas (County),0,0
FL,Pinellas (County),0,0
FL,Pinellas (County),0,0
FL,Pinellas (County),0,0
FL,Pinellas (County),5,4
FL,Pinellas (County),0,0
FL,Pinellas (County),0,0
FL,Pinellas (County),1,0
FL,Pinellas (County),0,0
FL,Pinellas (County),0,0
FL,Pinellas (County),0,0
FL,Pinellas (County),0,1
FL,Pinellas (County),0,0
FL,Pinellas (County),0,1
FL,Pinellas (County),0,2
FL,Pinellas (County),0,0
FL,Pinellas (County),0,2
FL,Pinellas (County),0,0
FL,Pinellas (County),2,0
FL,Pinellas (County),0,0
FL,Pinellas (County),0,0
FL,Pinellas (County),0,0
FL,Pinellas (County),0,0
FL,Pinellas (County),0,1
FL,Pinellas (County),0,0
FL,Pinellas (County),1,0
FL,Pinellas (County),0,0
FL,Pinellas (County),0,0
FL,Pinellas (County),0,0
FL,Pinellas (County),0,0
FL,Pinellas (County),0,0
FL,Pinellas (County),0,0
FL,Pinellas (County),0,0
FL,Pinellas (County),0,0
FL,Pinellas (County),0,0
FL,Pinellas (County),0,0
FL,Pinellas (County),0,0
FL,Pinellas (County),0,0
FL,Pinellas (County),0,0
FL,Pinellas (County),0,0
FL,Pinellas (County),0,0
FL,Pinellas (County),0,2
FL,Pinellas (County),5,4
FL,Pinellas (County),2,1
FL,Pinellas (County),0,0
FL,Pinellas (County),5,5
FL,Pinellas (County),1,0
FL,Pinellas (County),1,0
FL,Pinellas (County),0,0
FL,Pinellas (County),1,6
FL,Pinellas (County),0,3
FL,Pinellas (County),4,5
FL,Pinellas (County),4,8
FL,Pinellas (County),1,2
FL,Pinellas (County),6,10
FL,Pinellas (County),0,1
FL,Pinellas (County),0,3
FL,Pinellas (County),0,0
FL,Pinellas (County),0,0
FL,Pinellas (County),0,0
FL,Pinellas (County),0,0
FL,Pinellas (County),0,0
FL,Pinellas (County),0,0
FL,Pinellas (County),0,0
FL,Pinellas (County),0,0
FL,Pinellas (County),0,0
FL,Pinellas (County),0,0
FL,Pinellas (County),0,0
FL,Pinellas (County),0,0
FL,Pinellas (County),0,0
FL,Pinellas (County),0,0
FL,Pinellas (County),1,0
FL,Pinellas (County),0,0
FL,Pinellas (County),0,0
FL,Pinellas (County),0,0
FL,Pinellas (County),0,0
FL,Pinellas (County),0,0
FL,Polk (County),0,0
FL,Polk (County),0,0
FL,Polk (County),0,0
FL,Polk (County),0,0
FL,Polk (County),0,0
FL,Polk (County),45,55
FL,Polk (County),0,0
FL,Polk (County),0,0
FL,Polk (County),0,0
FL,Polk (County),0,0
FL,Polk (County),1,4
FL,Polk (County),3,3
FL,Polk (County),0,0
FL,Polk (County),1,0
FL,Polk (County),47,76
FL,Polk (County),0,0
FL,Polk (County),0,0
FL,Polk (County),2,4
FL,Polk (County),0,4
FL,Polk (County),0,0
FL,Polk (County),0,0
FL,Polk (County),0,0
FL,Polk (County),0,0
FL,Polk (County),0,0
FL,Polk (County),0,0
FL,Polk (County),0,0
FL,Polk (County),0,0
FL,Polk (County),0,1
FL,Polk (County),27,24
FL,Polk (County),0,0
FL,Polk (County),0,0
FL,Polk (County),7,6
FL,Polk (County),14,14
FL,Polk (County),0,0
FL,Polk (County),0,0
FL,Polk (County),0,0
FL,Polk (County),0,0
FL,Polk (County),0,0
FL,Polk (County),0,0
FL,Polk (County),5,7
FL,Polk (County),2,11
FL,Polk (County),0,0
FL,Polk (County),0,0
FL,Polk (County),0,1
FL,Polk (County),0,0
FL,Polk (County),0,0
FL,Polk (County),1,0
FL,Polk (County),29,45
FL,Polk (County),0,0
FL,Polk (County),0,0
FL,Polk (County),38,70
FL,Polk (County),0,0
FL,Polk (County),0,0
FL,Polk (County),0,0
FL,Polk (County),0,0
FL,Polk (County),0,0
FL,Polk (County),0,0
FL,Polk (County),49,52
FL,Polk (County),0,0
FL,Polk (County),0,0
FL,Polk (County),0,0
FL,Polk (County),0,0
FL,Polk (County),0,0
FL,Polk (County),0,0
FL,Polk (County),0,0
FL,Polk (County),0,0
FL,Polk (County),0,0
FL,Polk (County),2,1
FL,Polk (County),2,0
FL,Polk (County),0,2
FL,Polk (County),0,1
FL,Polk (County),1,0
FL,Polk (County),0,0
FL,Polk (County),0,0
FL,Polk (County),3,0
FL,Polk (County),0,0
FL,Polk (County),0,0
FL,Polk (County),0,0
FL,Polk (County),0,0
FL,Polk (County),9,11
FL,Polk (County),20,16
FL,Polk (County),0,0
FL,Polk (County),0,0
FL,Polk (County),0,1
FL,Polk (County),0,0
FL,Polk (County),0,0
FL,Polk (County),44,37
FL,Polk (County),8,23
FL,Polk (County),0,0
FL,Polk (County),22,29
FL,Polk (County),13,9
FL,Polk (County),22,25
FL,Polk (County),10,16
FL,Polk (County),3,3
FL,Polk (County),6,10
FL,Polk (County),48,39
FL,Polk (County),0,0
FL,Polk (County),0,0
FL,Polk (County),0,0
FL,Polk (County),0,0
FL,Polk (County),0,0
FL,Polk (County),0,0
FL,Polk (County),0,0
FL,Polk (County),0,0
FL,Polk (County),0,0
FL,Polk (County),4,6
FL,Polk (County),0,0
FL,Polk (County),23,31
FL,Polk (County),0,0
FL,Polk (County),22,29
FL,Polk (County),0,0
FL,Polk (County),0,0
FL,Polk (County),0,0
FL,Polk (County),1,2
FL,Polk (County),0,0
FL,Polk (County),0,0
FL,Polk (County),0,0
FL,Polk (County),0,0
FL,Polk (County),0,0
FL,Polk (County),25,40
FL,Polk (County),0,0
FL,Polk (County),0,0
FL,Polk (County),0,0
FL,Polk (County),0,0
FL,Polk (County),0,0
FL,Polk (County),0,0
FL,Polk (County),0,0
FL,Polk (County),0,0
FL,Polk (County),0,0
FL,Polk (County),0,0
FL,Polk (County),2,3
FL,Polk (County),0,0
FL,Polk (County),0,0
FL,Polk (County),0,0
FL,Polk (County),0,0
FL,Polk (County),13,19
FL,Polk (County),0,0
FL,Polk (County),0,0
FL,Polk (County),0,0
FL,Polk (County),0,0
FL,Polk (County),0,0
FL,Polk (County),0,0
FL,Polk (County),0,0
FL,Polk (County),3,1
FL,Polk (County),0,1
FL,Polk (County),0,0
FL,Polk (County),0,0
FL,Polk (County),0,0
FL,Polk (County),0,1
FL,Polk (County),0,0
FL,Polk (County),0,0
FL,Polk (County),0,0
FL,Polk (County),0,0
FL,Polk (County),0,0
FL,Polk (County),0,0
FL,Polk (County),41,75
FL,Polk (County),51,78
FL,Polk (County),16,14
FL,Polk (County),1,0
FL,Polk (County),0,0
FL,Polk (County),0,0
FL,Putnam (County),0,0
FL,Putnam (County),0,0
FL,Putnam (County),12,9
FL,Putnam (County),5,5
FL,Putnam (County),0,1
FL,Putnam (County),0,0
FL,Putnam (County),0,3
FL,Putnam (County),0,0
FL,Putnam (County),3,0
FL,Putnam (County),0,0
FL,Putnam (County),0,0
FL,Putnam (County),6,7
FL,Putnam (County),1,1
FL,Putnam (County),1,0
FL,Putnam (County),21,33
FL,Putnam (County),0,0
FL,Putnam (County),2,0
FL,Putnam (County),0,0
FL,Putnam (County),0,0
FL,Putnam (County),2,0
FL,Putnam (County),6,5
FL,Putnam (County),0,0
FL,Putnam (County),0,0
FL,Putnam (County),0,0
FL,Putnam (County),2,0
FL,Sarasota (County),0,0
FL,Sarasota (County),0,0
FL,Sarasota (County),0,0
FL,Sarasota (County),0,0
FL,Sarasota (County),0,0
FL,Sarasota (County),0,0
FL,Sarasota (County),111,382
FL,Sarasota (County),1,3
FL,Sarasota (County),0,0
FL,Sarasota (County),0,0
FL,Sarasota (County),0,0
FL,Sarasota (County),0,0
FL,Sarasota (County),0,0
FL,Sarasota (County),0,0
FL,Sarasota (County),0,0
FL,Sarasota (County),0,0
FL,Sarasota (County),0,0
FL,Sarasota (County),0,0
FL,Sarasota (County),0,0
FL,Sarasota (County),0,0
FL,Sarasota (County),0,3
FL,Sarasota (County),0,0
FL,Sarasota (County),0,0
FL,Sarasota (County),1,1
FL,Sarasota (County),0,0
FL,Sarasota (County),65,133
FL,Sarasota (County),0,0
FL,Sarasota (County),0,0
FL,Sarasota (County),0,0
FL,Sarasota (County),0,0
FL,Sarasota (County),0,0
FL,Sarasota (County),1,1
FL,Sarasota (County),0,0
FL,Sarasota (County),0,0
FL,Sarasota (County),0,0
FL,Sarasota (County),0,0
FL,Sarasota (County),0,0
FL,Sarasota (County),61,144
FL,Sarasota (County),179,936
FL,Sarasota (County),27,75
FL,Sarasota (County),1,6
FL,Sarasota (County),29,49
FL,Sarasota (County),0,0
FL,Sarasota (County),0,0
FL,Sarasota (County),0,0
FL,Sarasota (County),0,0
FL,Sarasota (County),0,0
FL,Sarasota (County),0,0
FL,Sarasota (County),0,0
FL,Sarasota (County),0,0
FL,Sarasota (County),0,0
FL,Sarasota (County),0,0
FL,Sarasota (County),0,0
FL,Sarasota (County),1,0
FL,Sarasota (County),4,11
FL,Sarasota (County),0,0
FL,Sarasota (County),0,0
FL,Sarasota (County),0,0
FL,Sarasota (County),0,0
FL,Sarasota (County),1,0
FL,Sarasota (County),0,0
FL,Sarasota (County),0,0
FL,Sarasota (County),0,0
FL,Sarasota (County),0,0
FL,Sarasota (County),0,0
FL,Sarasota (County),0,0
FL,Sarasota (County),22,20
FL,Sarasota (County),23,29
FL,Sarasota (County),17,25
FL,Sarasota (County),49,78
FL,Sarasota (County),6,8
FL,Sarasota (County),1,4
FL,Sarasota (County),6,11
FL,Sarasota (County),16,24
FL,Sarasota (County),11,34
FL,Sarasota (County),14,13
FL,Sarasota (County),12,16
FL,Sarasota (County),0,5
FL,Sarasota (County),0,1
FL,Sarasota (County),0,0
FL,Sarasota (County),0,0
FL,Sarasota (County),0,0
FL,Sarasota (County),0,0
FL,Sarasota (County),0,0
FL,Sarasota (County),0,0
FL,Sarasota (County),0,1
FL,Sarasota (County),0,0
FL,Sarasota (County),0,0
FL,Sarasota (County),0,0
FL,Sarasota (County),0,1
FL,Sarasota (County),156,393
FL,Sarasota (County),0,0
FL,Sarasota (County),0,1
FL,Sarasota (County),41,86
FL,Sarasota (County),148,414
FL,Sarasota (County),0,0
FL,Sarasota (County),0,0
FL,Seminole (County),0,0
FL,Seminole (County),0,0
FL,Seminole (County),0,0
FL,Seminole (County),0,0
FL,Seminole (County),28,30
FL,Seminole (County),21,27
FL,Seminole (County),0,0
FL,Seminole (County),0,0
FL,Seminole (County),1,4
FL,Seminole (County),0,0
FL,Seminole (County),0,0
FL,Seminole (County),27,56
FL,Seminole (County),0,0
FL,Seminole (County),1,3
FL,Seminole (County),0,0
FL,Seminole (County),4,4
FL,Seminole (County),0,0
FL,Seminole (County),0,0
FL,Seminole (County),0,0
FL,Seminole (County),0,0
FL,Seminole (County),0,0
FL,Seminole (County),5,7
FL,Seminole (County),0,1
FL,Seminole (County),0,0
FL,Seminole (County),0,0
FL,Seminole (County),0,0
FL,Seminole (County),57,92
FL,Seminole (County),0,0
FL,Seminole (County),0,0
FL,Seminole (County),0,0
FL,Seminole (County),0,0
FL,Seminole (County),0,0
FL,Seminole (County),6,10
FL,Seminole (County),0,0
FL,Seminole (County),0,0
FL,Seminole (County),6,13
FL,Seminole (County),0,0
FL,Seminole (County),10,10
FL,Seminole (County),6,12
FL,Seminole (County),0,0
FL,Seminole (County),0,0
FL,Seminole (County),0,0
FL,Seminole (County),0,1
FL,Seminole (County),0,1
FL,Seminole (County),0,0
FL,Seminole (County),0,0
FL,Seminole (County),0,0
FL,Seminole (County),0,0
FL,Seminole (County),60,70
FL,Seminole (County),9,11
FL,Seminole (County),0,0
FL,Seminole (County),0,0
FL,Seminole (County),106,171
FL,Seminole (County),35,58
FL,Seminole (County),0,0
FL,Seminole (County),1,0
FL,Seminole (County),0,0
FL,Seminole (County),0,0
FL,Seminole (County),0,0
FL,Seminole (County),0,0
FL,Seminole (County),0,0
FL,Seminole (County),0,0
FL,Seminole (County),0,0
FL,Seminole (County),14,30
FL,Seminole (County),0,0
FL,Seminole (County),0,0
FL,Seminole (County),0,0
FL,Seminole (County),0,0
FL,Seminole (County),0,0
FL,Seminole (County),53,137
FL,Seminole (County),0,0
FL,St. Johns (County),0,0
FL,St. Johns (County),0,0
FL,St. Johns (County),0,0
FL,St. Johns (County),3,0
FL,St. Johns (County),0,0
FL,St. Johns (County),0,0
FL,St. Johns (County),7,7
FL,St. Johns (County),0,0
FL,St. Johns (County),0,0
FL,St. Johns (County),0,0
FL,St. Johns (County),0,0
FL,St. Johns (County),1,0
FL,St. Johns (County),0,0
FL,St. Johns (County),0,0
FL,St. Johns (County),1,1
FL,St. Johns (County),0,0
FL,St. Johns (County),0,0
FL,St. Johns (County),0,0
FL,St. Johns (County),0,1
FL,St. Johns (County),0,1
FL,St. Johns (County),0,0
FL,St. Johns (County),0,0
FL,St. Johns (County),0,0
FL,St. Johns (County),1,0
FL,St. Johns (County),1,0
FL,St. Johns (County),18,18
FL,St. Johns (County),15,22
FL,St. Johns (County),2,5
FL,St. Johns (County),0,3
FL,St. Johns (County),3,5
FL,St. Johns (County),0,0
FL,Tampa Reservation,0,0
FL,Volusia (County),0,0
FL,Volusia (County),4,4
FL,Volusia (County),0,0
FL,Volusia (County),0,0
FL,Volusia (County),0,0
FL,Volusia (County),0,0
FL,Volusia (County),0,0
FL,Volusia (County),0,0
FL,Volusia (County),0,1
FL,Volusia (County),0,0
FL,Volusia (County),0,0
FL,Volusia (County),114,293
FL,Volusia (County),50,82
FL,Volusia (County),29,65
FL,Volusia (County),68,160
FL,Volusia (County),7,2
FL,Volusia (County),0,0
FL,Volusia (County),6,2
FL,Volusia (County),0,0
FL,Volusia (County),0,0
FL,Volusia (County),8,5
FL,Volusia (County),0,0
FL,Volusia (County),0,0
FL,Volusia (County),0,0
FL,Volusia (County),33,35
FL,Volusia (County),0,0
FL,Volusia (County),24,47
FL,Volusia (County),0,0
FL,Volusia (County),0,0
FL,Volusia (County),0,0
FL,Volusia (County),0,0
FL,Volusia (County),0,0
FL,Volusia (County),3,4
FL,Volusia (County),1,0
FL,Volusia (County),0,0
FL,Volusia (County),0,0
FL,Volusia (County),0,0
FL,Volusia (County),42,41
FL,Volusia (County),0,0
FL,Volusia (County),0,0
FL,Volusia (County),0,0
FL,Volusia (County),69,74
FL,Volusia (County),0,0
FL,Volusia (County),0,0
FL,Volusia (County),0,0
FL,Volusia (County),0,0
FL,Volusia (County),0,0
FL,Volusia (County),33,126
FL,Volusia (County),61,310
FL,Volusia (County),0,0
FL,Volusia (County),8,9
FL,Volusia (County),1,0
FL,Volusia (County),1,0
FL,Volusia (County),0,0
FL,Volusia (County),0,0
FL,Volusia (County),23,53
FL,Volusia (County),0,0
FL,Volusia (County),1,0
FL,Volusia (County),0,0
FL,Volusia (County),10,10
FL,Volusia (County),0,0
FL,Volusia (County),0,0
FL,Volusia (County),0,0
FL,Volusia (County),0,0
FL,Volusia (County),0,0
FL,Volusia (County),0,0
FL,Volusia (County),0,0
FL,Volusia (County),0,0
FL,Volusia (County),0,0
FL,Volusia (County),0,0
FL,Volusia (County),3,4
FL,Volusia (County),0,0
FL,Volusia (County),0,0
FL,Volusia (County),0,0
FL,Volusia (County),0,0
FL,Volusia (County),0,0
FL,Volusia (County),0,0
FL,Volusia (County),0,0
FL,Volusia (County),3,11
FL,Volusia (County),0,0
FL,Volusia (County),0,0
FL,Volusia (County),0,0
FL,Volusia (County),0,0
FL,Volusia (County),0,0
FL,Volusia (County),228,613
FL,Volusia (County),5,32
FL,Volusia (County),0,0
FL,Volusia (County),0,0
FL,Volusia (County),0,1
FL,Volusia (County),1,0
FL,Volusia (County),0,0
FL,Volusia (County),21,24
FL,Volusia (County),0,0
FL,Volusia (County),0,0
FL,Volusia (County),19,17
FL,Volusia (County),0,0
FL,Volusia (County),0,0
FL,Volusia (County),0,0
FL,Volusia (County),0,0
FL,Volusia (County),0,0
FL,Volusia (County),0,0
FL,Volusia (County),0,0
FL,Volusia (County),0,0
FL,Volusia (County),0,0
FL,Volusia (County),0,0
FL,Volusia (County),0,0
FL,Volusia (County),63,98
FL,Volusia (County),0,0
FL,Volusia (County),8,13
FL,Volusia (County),0,0
FL,Volusia (County),0,0
FL,Volusia (County),26,54
FL,Volusia (County),0,0
FL,Volusia (County),1,1
FL,Volusia (County),2,6
FL,Volusia (County),0,0
FL,Volusia (County),0,0
FL,Volusia (County),0,0
FL,Volusia (County),0,0
FL,Volusia (County),0,0
FL,Volusia (County),1,0
FL,Volusia (County),188,628
FL,Volusia (County),22,77
FL,Volusia (County),149,359
FL,Volusia (County),0,0
FL,Volusia (County),0,0
FL,Volusia (County),0,0
FL,Volusia (County),0,0
FL,Volusia (County),0,0
FL,Volusia (County),0,0
FL,Volusia (County),0,0
FL,Volusia (County),0,0
FL,Volusia (County),1,5
FL,Volusia (County),3,5
FL,Volusia (County),3,1
FL,Volusia (County),1,0
FL,Volusia (County),80,191
FL,Volusia (County),0,0
FL,Volusia (County),0,2
FL,Volusia (County),0,0
FL,Volusia (County),0,1
FL,Volusia (County),1,0
FL,Volusia (County),1,0
FL,Volusia (County),0,0
FL,Volusia (County),0,0
FL,Volusia (County),0,0
FL,Volusia (County),0,0
FL,Volusia (County),0,0
FL,Volusia (County),0,1
FL,Volusia (County),0,0
FL,Volusia (County),0,0
